Built,n,prop
3.6.0,12,0.09090909090909091
3.6.1,79,0.5984848484848485
3.6.2,41,0.3106060606060606
